id_pers;pers
0;abdallah_ben
1;abdallah_ii
2;adel_abdessemed
3;adil_rami
4;adrien_rabiot
5;ahmad_ahmad
6;ahmed_al
7;aime_jacquet
8;akram_afif
9;al_khalifa
10;al_sadd
11;al_thawadi
12;alain_juppe
13;alain_leiblang
14;alexis_sanchez
15;alfredo_hawit
16;ali_ahmed
17;ali_almarri
18;ali_althawadi
19;ali_ben_alhussein
20;ali_mohammed_alali
21;ali_shareef_alemadi
22;amine_lecomte
23;amos_adamu
24;angel_di_maria
25;angel_maria
26;angel_maria_villar_llona
27;angela_merkel
28;anna_fenninger
29;arjen_robben
30;arnaud_ramsay
31;arsene_wenger
32;atil_ajoute
33;ban_kimoon
34;barack_obama
35;barah_mikail
36;belo_horizonte
37;ben_alhussein
38;ben_arfa
39;ben_arous
40;ben_hamad
41;ben_hamad_althani
42;ben_ibrahim_alkhalifa
43;ben_jassem
44;ben_khalifa
45;benjamin_mendy
46;benjamin_pavard
47;benny_alon
48;bernard_laporte
49;bernard_roux
50;bin_abdulrahman
51;bin_abdulrahman_althani
52;bin_al_hussein
53;bin_alhussein
54;bin_ebrahim_al_khalifa
55;bin_hammam
56;bin_khalifa
57;bin_khalifa_althani
58;blaise_matuidi
59;bruno_metsu
60;bryan_habana
61;caf_luanda
62;carlo_ancelotti
63;catherine_barma
64;cheikh_hamad
65;cheikh_salman
66;cheikh_saoud
67;cheikh_tamim
68;christian_wulff
69;chuck_blazer
70;chung_mongjoon
71;claude_gueant
72;clement_grenier
73;colonel_kadhafi
74;dal_sadd
75;damian_collins
76;damien_hirst
77;dani_alves
78;danny_jordaan
79;david_beckham
80;david_cameron
81;david_gallop
82;david_ginola
83;david_luiz
84;david_triesman
85;david_villa
86;der_spiegel
87;didier_drogba
88;diego_maradona
89;dilma_rousseff
90;dimitri_payet
91;djamel_belmadi
92;domenico_scala
93;donald_trump
94;dylan_bance
95;ebrahim_al
96;eddie_jones
97;eden_hazard
98;edinson_cavani
99;emir_tamim
100;emmanuel_macron
101;eric_abidal
102;eric_cantona
103;eric_champel
104;fabio_capello
105;fatma_samoura
106;fedor_radmann
107;felipe_scolari
108;felix_sanchez
109;florian_thauvin
110;franck_ribery
111;francoise_sagan
112;frank_leboeuf
113;frank_lowy
114;gareth_bale
115;george_best
116;gerard_ernault
117;ghanim_bin_saad
118;gianni_infantino
119;greg_dyke
120;gros_globe
121;guido_tognoni
122;gunter_netzer
123;hamad_ben_khalifa_althani
124;hany_abo_rida
125;hassan_al_thawadi
126;heidi_blake
127;helena_costa
128;hugo_lloris
129;issa_hayatou
130;ivica_kostelic
131;jack_warner
132;jacques_anouma
133;jacques_chirac
134;jacques_lambert
135;james_lynch
136;james_rodriguez
137;jassem_althani
138;jeffrey_webb
139;jerome_valcke
140;jim_boyce
141;joachim_eckert
142;joachim_low
143;joao_havelange
144;jonah_lomu
145;jordanien_ali
146;jorge_sampaoli
147;jose_mourinho
148;joseph_blatter
149;joseph_mifsud
150;joseph_sepp_blatter
151;juan_angel_napout
152;juan_guaido
153;juge_eckert
154;juge_quelargir
155;jules_rimet
156;julie_chalmette
157;julio_cesar
158;julio_grondona
159;jussie_smollett
160;karim_benzema
161;karim_boudiaf
162;kas_eupen
163;keylor_navas
164;khalifa_al_thani
165;kylian_mbappe
166;lara_gut
167;lask_linz
168;laurent_blanc
169;lennart_johansson
170;lilian_thuram
171;lindsey_vonn
172;lionel_messi
173;loic_remy
174;loretta_lynch
175;louis_dumoulin
176;louis_van_gaal
177;luc_arrondel
178;luc_dayan
179;lucas_digne
180;luis_figo
181;luis_suarez
182;luiz_felipe
183;mamadou_sakho
184;manuel_neuer
185;manuel_valls
186;marc_wilmots
187;marcel_desailly
188;marcel_hirscher
189;marcelo_bielsa
190;marco_materazzi
191;marco_verratti
192;marco_villiger
193;mark_lobel
194;mark_pieth
195;markus_kattner
196;mars_schladming
197;mats_hummels
198;michael_browne
199;michael_garcia
200;michael_lauber
201;michael_van_praag
202;michel_dhooghe
203;michel_hooghe
204;michel_platini
205;mike_lee
206;miroslav_klose
207;mme_almajid
208;mme_burrow
209;mohammed_bin_hammam
210;mohammed_vi
211;moulay_hafid_elalamy
212;moussa_sissoko
213;musa_hassan_bility
214;mustafa_qadri
215;nabil_djellit
216;nabil_fekir
217;nabil_maaloul
218;nasser_alkhater
219;nelson_mandela
220;nicolas_anelka
221;nicolas_leoz
222;nicolas_vilas
223;noel_graet
224;olivier_giroud
225;olivier_guez
226;owen_farrell
227;pape_francois
228;pascal_pape
229;patrice_evra
230;patrick_vieira
231;paul_pogba
232;pep_guardiola
233;phaedra_almajid
234;philippe_piat
235;pierre_gagnaire
236;prince_ali
237;qatari_diar
238;quinn_emanuel
239;rabah_madjer
240;rachid_talbi
241;radamel_falcao
242;raphael_varane
243;remy_cabella
244;remy_grosso
245;rene_fasel
246;rene_girard
247;ribeirao_preto
248;ricardo_texeira
249;richie_mccaw
250;robin_leproux
251;robin_van_persie
252;roi_abdallah
253;roi_pele
254;roy_hodgson
255;salman_bin
256;salvador_bahia
257;samir_nasri
258;samuel_umtiti
259;sandro_rosell
260;sarkozy_wulff
261;sebastien_bazin
262;serge_benhaim
263;sheikh_salman
264;sheikh_salman_bin_ebrahim
265;sheikh_saoud_bin_abdulrahman
266;sigmar_gabriel
267;simon_chadwick
268;steve_cockburn
269;steve_mandanda
270;sunil_gulati
271;tamim_ben_hamad_althani
272;ted_ligety
273;tessa_worley
274;theo_zwanziger
275;thiago_motta
276;thiago_silva
277;thierry_henry
278;thierry_roland
279;thomas_bach
280;thomas_meunier
281;thomas_muller
282;thomas_tuchel
283;tim_howard
284;tim_krul
285;toni_kroos
286;unai_emery
287;valero_rivera
288;van_gaal
289;van_persie
290;van_praag
291;vincent_chaudel
292;vincent_duluc
293;vincent_enyeama
294;vladimir_poutine
295;walter_gregorio
296;webb_ellis
297;wesley_sneijder
298;xherdan_shaqiri
299;xi_jinping
300;yashir_pinto
301;zaha_hadid
302;zahir_belounis
303;zhang_jian
304;zinedine_zidane
